{
"lengthUnit": "mil",
"remark": [],
"components": {
	"fields": ["COMPONENT_NO", "COMPONENT_NAME", "LAYER", "X_COORDINATE", "Y_COORDINATE", "ANGLE"],
	"rows": [
		[1, "C1", "T", 1885, -955, 0],
		[2, "C2", "T", 2330, -1290, 180],
		[3, "H1", "T", 1540, -920, 0],
		[4, "LED1", "T", 3505, -730, 0],
		[5, "LED2", "T", 4045, -740, 0],
		[6, "LED3", "T", 4510, -755, 0],
		[7, "LED4", "T", 4915, -885, 0],
		[8, "LED5", "T", 5285, -1035, 0],
		[9, "LED6", "T", 5040, -1260, 0],
		[10, "LED7", "T", 4675, -1250, 0],
		[11, "LED8", "T", 4245, -1240, 0],
		[12, "LED9", "T", 3755, -1240, 0],
		[13, "LED10", "T", 3255, -1255, 0],
		[14, "P1", "T", 2035, -1295, 0],
		[15, "R1", "T", 2315, -700, 180],
		[16, "R2", "T", 2790, -1460, 0],
		[17, "R3", "T", 1590, -1200, 90],
		[18, "U1", "T", 2315, -975, 0],
		[19, "U2", "T", 2860, -840, 90],
		[20, "PAD1", "T", 1845.63, -955, 0],
		[21, "PAD1", "B", 1845.63, -955, 0],
		[22, "PAD2", "T", 1924.37, -955, 0],
		[23, "PAD2", "B", 1924.37, -955, 0],
		[24, "PAD3", "T", 2430, -1290, 0],
		[25, "PAD3", "B", 2430, -1290, 0],
		[26, "PAD4", "T", 2230, -1290, 0],
		[27, "PAD4", "B", 2230, -1290, 0],
		[28, "PAD5", "T", 1490, -920, 0],
		[29, "PAD5", "B", 1490, -920, 0],
		[30, "PAD6", "T", 1590, -920, 0],
		[31, "PAD6", "B", 1590, -920, 0],
		[32, "PAD7", "T", 3455, -730, 0],
		[33, "PAD7", "B", 3455, -730, 0],
		[34, "PAD8", "T", 3555, -730, 0],
		[35, "PAD8", "B", 3555, -730, 0],
		[36, "PAD9", "T", 3995, -740, 0],
		[37, "PAD9", "B", 3995, -740, 0],
		[38, "PAD10", "T", 4095, -740, 0],
		[39, "PAD10", "B", 4095, -740, 0],
		[40, "PAD11", "T", 4460, -755, 0],
		[41, "PAD11", "B", 4460, -755, 0],
		[42, "PAD12", "T", 4560, -755, 0],
		[43, "PAD12", "B", 4560, -755, 0],
		[44, "PAD13", "T", 4865, -885, 0],
		[45, "PAD13", "B", 4865, -885, 0],
		[46, "PAD14", "T", 4965, -885, 0],
		[47, "PAD14", "B", 4965, -885, 0],
		[48, "PAD15", "T", 5235, -1035, 0],
		[49, "PAD15", "B", 5235, -1035, 0],
		[50, "PAD16", "T", 5335, -1035, 0],
		[51, "PAD16", "B", 5335, -1035, 0],
		[52, "PAD17", "T", 4990, -1260, 0],
		[53, "PAD17", "B", 4990, -1260, 0],
		[54, "PAD18", "T", 5090, -1260, 0],
		[55, "PAD18", "B", 5090, -1260, 0],
		[56, "PAD19", "T", 4625, -1250, 0],
		[57, "PAD19", "B", 4625, -1250, 0],
		[58, "PAD20", "T", 4725, -1250, 0],
		[59, "PAD20", "B", 4725, -1250, 0],
		[60, "PAD21", "T", 4195, -1240, 0],
		[61, "PAD21", "B", 4195, -1240, 0],
		[62, "PAD22", "T", 4295, -1240, 0],
		[63, "PAD22", "B", 4295, -1240, 0],
		[64, "PAD23", "T", 3705, -1240, 0],
		[65, "PAD23", "B", 3705, -1240, 0],
		[66, "PAD24", "T", 3805, -1240, 0],
		[67, "PAD24", "B", 3805, -1240, 0],
		[68, "PAD25", "T", 3205, -1255, 0],
		[69, "PAD25", "B", 3205, -1255, 0],
		[70, "PAD26", "T", 3305, -1255, 0],
		[71, "PAD26", "B", 3305, -1255, 0],
		[72, "PAD27", "T", 2035, -1295, 0],
		[73, "PAD27", "B", 2035, -1295, 0],
		[74, "PAD28", "T", 2521.69, -700, 0],
		[75, "PAD28", "B", 2521.69, -700, 0],
		[76, "PAD29", "T", 2108.31, -700, 0],
		[77, "PAD29", "B", 2108.31, -700, 0],
		[78, "PAD30", "T", 2583.305, -1460, 0],
		[79, "PAD30", "B", 2583.305, -1460, 0],
		[80, "PAD31", "T", 2996.695, -1460, 0],
		[81, "PAD31", "B", 2996.695, -1460, 0],
		[82, "PAD32", "T", 1590.005, -1200, 0],
		[83, "PAD32", "B", 1590.005, -1200, 0],
		[84, "PAD33", "T", 1491.575, -1200, 0],
		[85, "PAD33", "B", 1491.575, -1200, 0],
		[86, "PAD34", "T", 1688.425, -1200, 0],
		[87, "PAD34", "B", 1688.425, -1200, 0],
		[88, "PAD35", "T", 2165, -1125, 0],
		[89, "PAD35", "B", 2165, -1125, 0],
		[90, "PAD36", "T", 2265, -1125, 0],
		[91, "PAD36", "B", 2265, -1125, 0],
		[92, "PAD37", "T", 2365, -1125, 0],
		[93, "PAD37", "B", 2365, -1125, 0],
		[94, "PAD38", "T", 2465, -1125, 0],
		[95, "PAD38", "B", 2465, -1125, 0],
		[96, "PAD39", "T", 2165, -825, 0],
		[97, "PAD39", "B", 2165, -825, 0],
		[98, "PAD40", "T", 2265, -825, 0],
		[99, "PAD40", "B", 2265, -825, 0],
		[100, "PAD41", "T", 2365, -825, 0],
		[101, "PAD41", "B", 2365, -825, 0],
		[102, "PAD42", "T", 2465, -825, 0],
		[103, "PAD42", "B", 2465, -825, 0],
		[104, "PAD43", "T", 3016.3, -1190, 0],
		[105, "PAD43", "B", 3016.3, -1190, 0],
		[106, "PAD44", "T", 2703.7, -1190, 0],
		[107, "PAD44", "B", 2703.7, -1190, 0],
		[108, "PAD45", "T", 3016.3, -1090, 0],
		[109, "PAD45", "B", 3016.3, -1090, 0],
		[110, "PAD46", "T", 2703.7, -1090, 0],
		[111, "PAD46", "B", 2703.7, -1090, 0],
		[112, "PAD47", "T", 3016.3, -990, 0],
		[113, "PAD47", "B", 3016.3, -990, 0],
		[114, "PAD48", "T", 2703.7, -990, 0],
		[115, "PAD48", "B", 2703.7, -990, 0],
		[116, "PAD49", "T", 3016.3, -890, 0],
		[117, "PAD49", "B", 3016.3, -890, 0],
		[118, "PAD50", "T", 2703.7, -890, 0],
		[119, "PAD50", "B", 2703.7, -890, 0],
		[120, "PAD51", "T", 3016.3, -790, 0],
		[121, "PAD51", "B", 3016.3, -790, 0],
		[122, "PAD52", "T", 3016.3, -690, 0],
		[123, "PAD52", "B", 3016.3, -690, 0],
		[124, "PAD53", "T", 2703.7, -690, 0],
		[125, "PAD53", "B", 2703.7, -690, 0],
		[126, "PAD54", "T", 3016.3, -590, 0],
		[127, "PAD54", "B", 3016.3, -590, 0],
		[128, "PAD55", "T", 2703.7, -590, 0],
		[129, "PAD55", "B", 2703.7, -590, 0],
		[130, "PAD56", "T", 3016.3, -490, 0],
		[131, "PAD56", "B", 3016.3, -490, 0],
		[132, "PAD57", "T", 2703.7, -490, 0],
		[133, "PAD57", "B", 2703.7, -490, 0]
	]
},
"pins": {
	"fields": ["PIN_NO", "PIN_NAME", "PIN_X", "PIN_Y", "LAYER", "PIN_TYPE", "NET_NAME", "NET_TYPE", "PAD_SHAPE", "PAD_SIZEX", "PAD_SIZEY", "HOLE_SIZE", "HOLE_LEN", "PAD_ANGLE"],
	"rows": [
		[1, "C1_1", 1845.63, -955, "T", "DIP", "$1N1524", "", "C", 51.181, 51.181, 31.496, 31.496, 0],
		[2, "C1_1", 1845.63, -955, "B", "DIP", "$1N1524", "", "C", 51.181, 51.181, 31.496, 31.496, 0],
		[3, "C1_2", 1924.37, -955, "T", "DIP", "$1N1413", "", "C", 51.181, 51.181, 31.496, 31.496, 0],
		[4, "C1_2", 1924.37, -955, "B", "DIP", "$1N1413", "", "C", 51.181, 51.181, 31.496, 31.496, 0],
		[5, "C2_1", 2430, -1290, "T", "DIP", "$1N1636", "", "C", 70.866, 70.866, 47.244, 47.244, 180],
		[6, "C2_1", 2430, -1290, "B", "DIP", "$1N1636", "", "C", 70.866, 70.866, 47.244, 47.244, 180],
		[7, "C2_2", 2230, -1290, "T", "DIP", "$1N1413", "", "C", 70.866, 70.866, 47.244, 47.244, 180],
		[8, "C2_2", 2230, -1290, "B", "DIP", "$1N1413", "", "C", 70.866, 70.866, 47.244, 47.244, 180],
		[9, "H1_1", 1490, -920, "T", "DIP", "$1N1408", "", "R", 78.74, 78.74, 47.244, 47.244, 0],
		[10, "H1_1", 1490, -920, "B", "DIP", "$1N1408", "", "R", 78.74, 78.74, 47.244, 47.244, 0],
		[11, "H1_2", 1590, -920, "T", "DIP", "$1N1413", "", "C", 78.74, 78.74, 47.244, 47.244, 0],
		[12, "H1_2", 1590, -920, "B", "DIP", "$1N1413", "", "C", 78.74, 78.74, 47.244, 47.244, 0],
		[13, "LED1_1", 3455, -730, "T", "DIP", "$1N1881", "", "C", 70.866, 70.866, 39.37, 39.37, 0],
		[14, "LED1_1", 3455, -730, "B", "DIP", "$1N1881", "", "C", 70.866, 70.866, 39.37, 39.37, 0],
		[15, "LED1_2", 3555, -730, "T", "DIP", "$1N2147", "", "C", 70.866, 70.866, 39.37, 39.37, 0],
		[16, "LED1_2", 3555, -730, "B", "DIP", "$1N2147", "", "C", 70.866, 70.866, 39.37, 39.37, 0],
		[17, "LED2_1", 3995, -740, "T", "DIP", "$1N1881", "", "C", 70.866, 70.866, 39.37, 39.37, 0],
		[18, "LED2_1", 3995, -740, "B", "DIP", "$1N1881", "", "C", 70.866, 70.866, 39.37, 39.37, 0],
		[19, "LED2_2", 4095, -740, "T", "DIP", "$1N2156", "", "C", 70.866, 70.866, 39.37, 39.37, 0],
		[20, "LED2_2", 4095, -740, "B", "DIP", "$1N2156", "", "C", 70.866, 70.866, 39.37, 39.37, 0],
		[21, "LED3_1", 4460, -755, "T", "DIP", "$1N1881", "", "C", 70.866, 70.866, 39.37, 39.37, 0],
		[22, "LED3_1", 4460, -755, "B", "DIP", "$1N1881", "", "C", 70.866, 70.866, 39.37, 39.37, 0],
		[23, "LED3_2", 4560, -755, "T", "DIP", "$1N2162", "", "C", 70.866, 70.866, 39.37, 39.37, 0],
		[24, "LED3_2", 4560, -755, "B", "DIP", "$1N2162", "", "C", 70.866, 70.866, 39.37, 39.37, 0],
		[25, "LED4_1", 4865, -885, "T", "DIP", "$1N1881", "", "C", 70.866, 70.866, 39.37, 39.37, 0],
		[26, "LED4_1", 4865, -885, "B", "DIP", "$1N1881", "", "C", 70.866, 70.866, 39.37, 39.37, 0],
		[27, "LED4_2", 4965, -885, "T", "DIP", "$1N2169", "", "C", 70.866, 70.866, 39.37, 39.37, 0],
		[28, "LED4_2", 4965, -885, "B", "DIP", "$1N2169", "", "C", 70.866, 70.866, 39.37, 39.37, 0],
		[29, "LED5_1", 5235, -1035, "T", "DIP", "$1N1881", "", "C", 70.866, 70.866, 39.37, 39.37, 0],
		[30, "LED5_1", 5235, -1035, "B", "DIP", "$1N1881", "", "C", 70.866, 70.866, 39.37, 39.37, 0],
		[31, "LED5_2", 5335, -1035, "T", "DIP", "$1N2176", "", "C", 70.866, 70.866, 39.37, 39.37, 0],
		[32, "LED5_2", 5335, -1035, "B", "DIP", "$1N2176", "", "C", 70.866, 70.866, 39.37, 39.37, 0],
		[33, "LED6_1", 4990, -1260, "T", "DIP", "$1N1881", "", "C", 70.866, 70.866, 39.37, 39.37, 0],
		[34, "LED6_1", 4990, -1260, "B", "DIP", "$1N1881", "", "C", 70.866, 70.866, 39.37, 39.37, 0],
		[35, "LED6_2", 5090, -1260, "T", "DIP", "$1N2183", "", "C", 70.866, 70.866, 39.37, 39.37, 0],
		[36, "LED6_2", 5090, -1260, "B", "DIP", "$1N2183", "", "C", 70.866, 70.866, 39.37, 39.37, 0],
		[37, "LED7_1", 4625, -1250, "T", "DIP", "$1N1881", "", "C", 70.866, 70.866, 39.37, 39.37, 0],
		[38, "LED7_1", 4625, -1250, "B", "DIP", "$1N1881", "", "C", 70.866, 70.866, 39.37, 39.37, 0],
		[39, "LED7_2", 4725, -1250, "T", "DIP", "$1N2190", "", "C", 70.866, 70.866, 39.37, 39.37, 0],
		[40, "LED7_2", 4725, -1250, "B", "DIP", "$1N2190", "", "C", 70.866, 70.866, 39.37, 39.37, 0],
		[41, "LED8_1", 4195, -1240, "T", "DIP", "$1N1881", "", "C", 70.866, 70.866, 39.37, 39.37, 0],
		[42, "LED8_1", 4195, -1240, "B", "DIP", "$1N1881", "", "C", 70.866, 70.866, 39.37, 39.37, 0],
		[43, "LED8_2", 4295, -1240, "T", "DIP", "$1N2196", "", "C", 70.866, 70.866, 39.37, 39.37, 0],
		[44, "LED8_2", 4295, -1240, "B", "DIP", "$1N2196", "", "C", 70.866, 70.866, 39.37, 39.37, 0],
		[45, "LED9_1", 3705, -1240, "T", "DIP", "$1N1881", "", "C", 70.866, 70.866, 39.37, 39.37, 0],
		[46, "LED9_1", 3705, -1240, "B", "DIP", "$1N1881", "", "C", 70.866, 70.866, 39.37, 39.37, 0],
		[47, "LED9_2", 3805, -1240, "T", "DIP", "$1N2203", "", "C", 70.866, 70.866, 39.37, 39.37, 0],
		[48, "LED9_2", 3805, -1240, "B", "DIP", "$1N2203", "", "C", 70.866, 70.866, 39.37, 39.37, 0],
		[49, "LED10_1", 3205, -1255, "T", "DIP", "$1N1881", "", "C", 70.866, 70.866, 39.37, 39.37, 0],
		[50, "LED10_1", 3205, -1255, "B", "DIP", "$1N1881", "", "C", 70.866, 70.866, 39.37, 39.37, 0],
		[51, "LED10_2", 3305, -1255, "T", "DIP", "$1N2218", "", "C", 70.866, 70.866, 39.37, 39.37, 0],
		[52, "LED10_2", 3305, -1255, "B", "DIP", "$1N2218", "", "C", 70.866, 70.866, 39.37, 39.37, 0],
		[53, "P1_1", 2035, -1295, "T", "DIP", "$1N1663", "", "R", 66.929, 66.929, 43.308, 43.308, 0],
		[54, "P1_1", 2035, -1295, "B", "DIP", "$1N1663", "", "R", 66.929, 66.929, 43.308, 43.308, 0],
		[55, "R1_1", 2521.69, -700, "T", "DIP", "$1N1586", "", "C", 55.118, 55.118, 27.56, 27.56, 180],
		[56, "R1_1", 2521.69, -700, "B", "DIP", "$1N1586", "", "C", 55.118, 55.118, 27.56, 27.56, 180],
		[57, "R1_2", 2108.31, -700, "T", "DIP", "$1N1408", "", "C", 55.118, 55.118, 27.56, 27.56, 180],
		[58, "R1_2", 2108.31, -700, "B", "DIP", "$1N1408", "", "C", 55.118, 55.118, 27.56, 27.56, 180],
		[59, "R2_1", 2583.305, -1460, "T", "DIP", "$1N1413", "", "C", 62.992, 62.992, 36, 36, 0],
		[60, "R2_1", 2583.305, -1460, "B", "DIP", "$1N1413", "", "C", 62.992, 62.992, 36, 36, 0],
		[61, "R2_2", 2996.695, -1460, "T", "DIP", "$1N1881", "", "C", 62.992, 62.992, 36, 36, 0],
		[62, "R2_2", 2996.695, -1460, "B", "DIP", "$1N1881", "", "C", 62.992, 62.992, 36, 36, 0],
		[63, "R3_1", 1491.575, -1200, "T", "DIP", "$1N1524", "", "C", 60, 60, 30, 30, 0],
		[64, "R3_1", 1491.575, -1200, "B", "DIP", "$1N1524", "", "C", 60, 60, 30, 30, 0],
		[65, "R3_2", 1590.005, -1200, "T", "DIP", "$1N1586", "", "C", 60, 60, 30, 30, 0],
		[66, "R3_2", 1590.005, -1200, "B", "DIP", "$1N1586", "", "C", 60, 60, 30, 30, 0],
		[67, "R3_3", 1688.425, -1200, "T", "DIP", "$1N1586", "", "C", 60, 60, 30, 30, 0],
		[68, "R3_3", 1688.425, -1200, "B", "DIP", "$1N1586", "", "C", 60, 60, 30, 30, 0],
		[69, "U1_1", 2165, -1125, "T", "DIP", "$1N1413", "", "R", 59.055, 59.055, 35.434, 35.434, 0],
		[70, "U1_1", 2165, -1125, "B", "DIP", "$1N1413", "", "R", 59.055, 59.055, 35.434, 35.434, 0],
		[71, "U1_2", 2265, -1125, "T", "DIP", "$1N1524", "", "C", 59.055, 59.055, 35.434, 35.434, 90],
		[72, "U1_2", 2265, -1125, "B", "DIP", "$1N1524", "", "C", 59.055, 59.055, 35.434, 35.434, 90],
		[73, "U1_3", 2365, -1125, "T", "DIP", "$1N1663", "", "C", 59.055, 59.055, 35.434, 35.434, 90],
		[74, "U1_3", 2365, -1125, "B", "DIP", "$1N1663", "", "C", 59.055, 59.055, 35.434, 35.434, 90],
		[75, "U1_4", 2465, -1125, "T", "DIP", "$1N1408", "", "C", 59.055, 59.055, 35.434, 35.434, 90],
		[76, "U1_4", 2465, -1125, "B", "DIP", "$1N1408", "", "C", 59.055, 59.055, 35.434, 35.434, 90],
		[77, "U1_5", 2465, -825, "T", "DIP", "$1N1636", "", "C", 59.055, 59.055, 35.434, 35.434, 90],
		[78, "U1_5", 2465, -825, "B", "DIP", "$1N1636", "", "C", 59.055, 59.055, 35.434, 35.434, 90],
		[79, "U1_6", 2365, -825, "T", "DIP", "$1N1524", "", "C", 59.055, 59.055, 35.434, 35.434, 90],
		[80, "U1_6", 2365, -825, "B", "DIP", "$1N1524", "", "C", 59.055, 59.055, 35.434, 35.434, 90],
		[81, "U1_7", 2265, -825, "T", "DIP", "$1N1586", "", "C", 59.055, 59.055, 35.434, 35.434, 90],
		[82, "U1_7", 2265, -825, "B", "DIP", "$1N1586", "", "C", 59.055, 59.055, 35.434, 35.434, 90],
		[83, "U1_8", 2165, -825, "T", "DIP", "$1N1408", "", "C", 59.055, 59.055, 35.434, 35.434, 90],
		[84, "U1_8", 2165, -825, "B", "DIP", "$1N1408", "", "C", 59.055, 59.055, 35.434, 35.434, 90],
		[85, "U2_1", 3016.3, -1190, "T", "DIP", "$1N2183", "", "O", 56.693, 70.866, 31.496, 31.496, 90],
		[86, "U2_1", 3016.3, -1190, "B", "DIP", "$1N2183", "", "O", 56.693, 70.866, 31.496, 31.496, 90],
		[87, "U2_2", 3016.3, -1090, "T", "DIP", "$1N2156", "", "O", 56.693, 70.866, 31.496, 31.496, 90],
		[88, "U2_2", 3016.3, -1090, "B", "DIP", "$1N2156", "", "O", 56.693, 70.866, 31.496, 31.496, 90],
		[89, "U2_3", 3016.3, -990, "T", "DIP", "$1N2147", "", "O", 56.693, 70.866, 31.496, 31.496, 90],
		[90, "U2_3", 3016.3, -990, "B", "DIP", "$1N2147", "", "O", 56.693, 70.866, 31.496, 31.496, 90],
		[91, "U2_4", 3016.3, -890, "T", "DIP", "$1N2162", "", "O", 56.693, 70.866, 31.496, 31.496, 90],
		[92, "U2_4", 3016.3, -890, "B", "DIP", "$1N2162", "", "O", 56.693, 70.866, 31.496, 31.496, 90],
		[93, "U2_5", 3016.3, -790, "T", "DIP", "$1N2190", "", "O", 56.693, 70.866, 31.496, 31.496, 90],
		[94, "U2_5", 3016.3, -790, "B", "DIP", "$1N2190", "", "O", 56.693, 70.866, 31.496, 31.496, 90],
		[95, "U2_6", 3016.3, -690, "T", "DIP", "$1N2196", "", "O", 56.693, 70.866, 31.496, 31.496, 90],
		[96, "U2_6", 3016.3, -690, "B", "DIP", "$1N2196", "", "O", 56.693, 70.866, 31.496, 31.496, 90],
		[97, "U2_7", 3016.3, -590, "T", "DIP", "$1N2169", "", "O", 56.693, 70.866, 31.496, 31.496, 90],
		[98, "U2_7", 3016.3, -590, "B", "DIP", "$1N2169", "", "O", 56.693, 70.866, 31.496, 31.496, 90],
		[99, "U2_8", 3016.3, -490, "T", "DIP", "$1N1413", "", "O", 56.693, 70.866, 31.496, 31.496, 90],
		[100, "U2_8", 3016.3, -490, "B", "DIP", "$1N1413", "", "O", 56.693, 70.866, 31.496, 31.496, 90],
		[101, "U2_9", 2703.7, -490, "T", "DIP", "$1N2203", "", "O", 56.693, 70.866, 31.496, 31.496, 90],
		[102, "U2_9", 2703.7, -490, "B", "DIP", "$1N2203", "", "O", 56.693, 70.866, 31.496, 31.496, 90],
		[103, "U2_10", 2703.7, -590, "T", "DIP", "$1N2176", "", "O", 56.693, 70.866, 31.496, 31.496, 90],
		[104, "U2_10", 2703.7, -590, "B", "DIP", "$1N2176", "", "O", 56.693, 70.866, 31.496, 31.496, 90],
		[105, "U2_11", 2703.7, -690, "T", "DIP", "$1N2218", "", "O", 56.693, 70.866, 31.496, 31.496, 90],
		[106, "U2_11", 2703.7, -690, "B", "DIP", "$1N2218", "", "O", 56.693, 70.866, 31.496, 31.496, 90],
		[107, "U2_12", 2703.7, -790, "T", "DIP", "NET_1", "", "O", 56.693, 70.866, 31.496, 31.496, 90],
		[108, "U2_12", 2703.7, -790, "B", "DIP", "NET_1", "", "O", 56.693, 70.866, 31.496, 31.496, 90],
		[109, "U2_13", 2703.7, -890, "T", "DIP", "$1N1413", "", "O", 56.693, 70.866, 31.496, 31.496, 90],
		[110, "U2_13", 2703.7, -890, "B", "DIP", "$1N1413", "", "O", 56.693, 70.866, 31.496, 31.496, 90],
		[111, "U2_14", 2703.7, -990, "T", "DIP", "$1N1663", "", "O", 56.693, 70.866, 31.496, 31.496, 90],
		[112, "U2_14", 2703.7, -990, "B", "DIP", "$1N1663", "", "O", 56.693, 70.866, 31.496, 31.496, 90],
		[113, "U2_15", 2703.7, -1090, "T", "DIP", "$1N1413", "", "O", 56.693, 70.866, 31.496, 31.496, 90],
		[114, "U2_15", 2703.7, -1090, "B", "DIP", "$1N1413", "", "O", 56.693, 70.866, 31.496, 31.496, 90],
		[115, "U2_16", 2703.7, -1190, "T", "DIP", "$1N1408", "", "O", 56.693, 70.866, 31.496, 31.496, 90],
		[116, "U2_16", 2703.7, -1190, "B", "DIP", "$1N1408", "", "O", 56.693, 70.866, 31.496, 31.496, 90],
		[117, "PAD1_1", 1845.63, -955, "T", "DIP", "$1N1524", "", "C", 51.181, 51.181, 31.496, 31.496, 0],
		[118, "PAD1_1", 1845.63, -955, "B", "DIP", "$1N1524", "", "C", 51.181, 51.181, 31.496, 31.496, 0],
		[119, "PAD2_2", 1924.37, -955, "T", "DIP", "$1N1413", "", "C", 51.181, 51.181, 31.496, 31.496, 0],
		[120, "PAD2_2", 1924.37, -955, "B", "DIP", "$1N1413", "", "C", 51.181, 51.181, 31.496, 31.496, 0],
		[121, "PAD3_1", 2430, -1290, "T", "DIP", "$1N1636", "", "C", 70.866, 70.866, 47.244, 47.244, 180],
		[122, "PAD3_1", 2430, -1290, "B", "DIP", "$1N1636", "", "C", 70.866, 70.866, 47.244, 47.244, 180],
		[123, "PAD4_2", 2230, -1290, "T", "DIP", "$1N1413", "", "C", 70.866, 70.866, 47.244, 47.244, 180],
		[124, "PAD4_2", 2230, -1290, "B", "DIP", "$1N1413", "", "C", 70.866, 70.866, 47.244, 47.244, 180],
		[125, "PAD5_1", 1490, -920, "T", "DIP", "$1N1408", "", "R", 78.74, 78.74, 47.244, 47.244, 0],
		[126, "PAD5_1", 1490, -920, "B", "DIP", "$1N1408", "", "R", 78.74, 78.74, 47.244, 47.244, 0],
		[127, "PAD6_2", 1590, -920, "T", "DIP", "$1N1413", "", "C", 78.74, 78.74, 47.244, 47.244, 0],
		[128, "PAD6_2", 1590, -920, "B", "DIP", "$1N1413", "", "C", 78.74, 78.74, 47.244, 47.244, 0],
		[129, "PAD7_1", 3455, -730, "T", "DIP", "$1N1881", "", "C", 70.866, 70.866, 39.37, 39.37, 0],
		[130, "PAD7_1", 3455, -730, "B", "DIP", "$1N1881", "", "C", 70.866, 70.866, 39.37, 39.37, 0],
		[131, "PAD8_2", 3555, -730, "T", "DIP", "$1N2147", "", "C", 70.866, 70.866, 39.37, 39.37, 0],
		[132, "PAD8_2", 3555, -730, "B", "DIP", "$1N2147", "", "C", 70.866, 70.866, 39.37, 39.37, 0],
		[133, "PAD9_1", 3995, -740, "T", "DIP", "$1N1881", "", "C", 70.866, 70.866, 39.37, 39.37, 0],
		[134, "PAD9_1", 3995, -740, "B", "DIP", "$1N1881", "", "C", 70.866, 70.866, 39.37, 39.37, 0],
		[135, "PAD10_2", 4095, -740, "T", "DIP", "$1N2156", "", "C", 70.866, 70.866, 39.37, 39.37, 0],
		[136, "PAD10_2", 4095, -740, "B", "DIP", "$1N2156", "", "C", 70.866, 70.866, 39.37, 39.37, 0],
		[137, "PAD11_1", 4460, -755, "T", "DIP", "$1N1881", "", "C", 70.866, 70.866, 39.37, 39.37, 0],
		[138, "PAD11_1", 4460, -755, "B", "DIP", "$1N1881", "", "C", 70.866, 70.866, 39.37, 39.37, 0],
		[139, "PAD12_2", 4560, -755, "T", "DIP", "$1N2162", "", "C", 70.866, 70.866, 39.37, 39.37, 0],
		[140, "PAD12_2", 4560, -755, "B", "DIP", "$1N2162", "", "C", 70.866, 70.866, 39.37, 39.37, 0],
		[141, "PAD13_1", 4865, -885, "T", "DIP", "$1N1881", "", "C", 70.866, 70.866, 39.37, 39.37, 0],
		[142, "PAD13_1", 4865, -885, "B", "DIP", "$1N1881", "", "C", 70.866, 70.866, 39.37, 39.37, 0],
		[143, "PAD14_2", 4965, -885, "T", "DIP", "$1N2169", "", "C", 70.866, 70.866, 39.37, 39.37, 0],
		[144, "PAD14_2", 4965, -885, "B", "DIP", "$1N2169", "", "C", 70.866, 70.866, 39.37, 39.37, 0],
		[145, "PAD15_1", 5235, -1035, "T", "DIP", "$1N1881", "", "C", 70.866, 70.866, 39.37, 39.37, 0],
		[146, "PAD15_1", 5235, -1035, "B", "DIP", "$1N1881", "", "C", 70.866, 70.866, 39.37, 39.37, 0],
		[147, "PAD16_2", 5335, -1035, "T", "DIP", "$1N2176", "", "C", 70.866, 70.866, 39.37, 39.37, 0],
		[148, "PAD16_2", 5335, -1035, "B", "DIP", "$1N2176", "", "C", 70.866, 70.866, 39.37, 39.37, 0],
		[149, "PAD17_1", 4990, -1260, "T", "DIP", "$1N1881", "", "C", 70.866, 70.866, 39.37, 39.37, 0],
		[150, "PAD17_1", 4990, -1260, "B", "DIP", "$1N1881", "", "C", 70.866, 70.866, 39.37, 39.37, 0],
		[151, "PAD18_2", 5090, -1260, "T", "DIP", "$1N2183", "", "C", 70.866, 70.866, 39.37, 39.37, 0],
		[152, "PAD18_2", 5090, -1260, "B", "DIP", "$1N2183", "", "C", 70.866, 70.866, 39.37, 39.37, 0],
		[153, "PAD19_1", 4625, -1250, "T", "DIP", "$1N1881", "", "C", 70.866, 70.866, 39.37, 39.37, 0],
		[154, "PAD19_1", 4625, -1250, "B", "DIP", "$1N1881", "", "C", 70.866, 70.866, 39.37, 39.37, 0],
		[155, "PAD20_2", 4725, -1250, "T", "DIP", "$1N2190", "", "C", 70.866, 70.866, 39.37, 39.37, 0],
		[156, "PAD20_2", 4725, -1250, "B", "DIP", "$1N2190", "", "C", 70.866, 70.866, 39.37, 39.37, 0],
		[157, "PAD21_1", 4195, -1240, "T", "DIP", "$1N1881", "", "C", 70.866, 70.866, 39.37, 39.37, 0],
		[158, "PAD21_1", 4195, -1240, "B", "DIP", "$1N1881", "", "C", 70.866, 70.866, 39.37, 39.37, 0],
		[159, "PAD22_2", 4295, -1240, "T", "DIP", "$1N2196", "", "C", 70.866, 70.866, 39.37, 39.37, 0],
		[160, "PAD22_2", 4295, -1240, "B", "DIP", "$1N2196", "", "C", 70.866, 70.866, 39.37, 39.37, 0],
		[161, "PAD23_1", 3705, -1240, "T", "DIP", "$1N1881", "", "C", 70.866, 70.866, 39.37, 39.37, 0],
		[162, "PAD23_1", 3705, -1240, "B", "DIP", "$1N1881", "", "C", 70.866, 70.866, 39.37, 39.37, 0],
		[163, "PAD24_2", 3805, -1240, "T", "DIP", "$1N2203", "", "C", 70.866, 70.866, 39.37, 39.37, 0],
		[164, "PAD24_2", 3805, -1240, "B", "DIP", "$1N2203", "", "C", 70.866, 70.866, 39.37, 39.37, 0],
		[165, "PAD25_1", 3205, -1255, "T", "DIP", "$1N1881", "", "C", 70.866, 70.866, 39.37, 39.37, 0],
		[166, "PAD25_1", 3205, -1255, "B", "DIP", "$1N1881", "", "C", 70.866, 70.866, 39.37, 39.37, 0],
		[167, "PAD26_2", 3305, -1255, "T", "DIP", "$1N2218", "", "C", 70.866, 70.866, 39.37, 39.37, 0],
		[168, "PAD26_2", 3305, -1255, "B", "DIP", "$1N2218", "", "C", 70.866, 70.866, 39.37, 39.37, 0],
		[169, "PAD27_1", 2035, -1295, "T", "DIP", "$1N1663", "", "R", 66.929, 66.929, 43.308, 43.308, 0],
		[170, "PAD27_1", 2035, -1295, "B", "DIP", "$1N1663", "", "R", 66.929, 66.929, 43.308, 43.308, 0],
		[171, "PAD28_1", 2521.69, -700, "T", "DIP", "$1N1586", "", "C", 55.118, 55.118, 27.56, 27.56, 180],
		[172, "PAD28_1", 2521.69, -700, "B", "DIP", "$1N1586", "", "C", 55.118, 55.118, 27.56, 27.56, 180],
		[173, "PAD29_2", 2108.31, -700, "T", "DIP", "$1N1408", "", "C", 55.118, 55.118, 27.56, 27.56, 180],
		[174, "PAD29_2", 2108.31, -700, "B", "DIP", "$1N1408", "", "C", 55.118, 55.118, 27.56, 27.56, 180],
		[175, "PAD30_1", 2583.305, -1460, "T", "DIP", "$1N1413", "", "C", 62.992, 62.992, 36, 36, 0],
		[176, "PAD30_1", 2583.305, -1460, "B", "DIP", "$1N1413", "", "C", 62.992, 62.992, 36, 36, 0],
		[177, "PAD31_2", 2996.695, -1460, "T", "DIP", "$1N1881", "", "C", 62.992, 62.992, 36, 36, 0],
		[178, "PAD31_2", 2996.695, -1460, "B", "DIP", "$1N1881", "", "C", 62.992, 62.992, 36, 36, 0],
		[179, "PAD32_2", 1590.005, -1200, "T", "DIP", "$1N1586", "", "C", 60, 60, 30, 30, 0],
		[180, "PAD32_2", 1590.005, -1200, "B", "DIP", "$1N1586", "", "C", 60, 60, 30, 30, 0],
		[181, "PAD33_1", 1491.575, -1200, "T", "DIP", "$1N1524", "", "C", 60, 60, 30, 30, 0],
		[182, "PAD33_1", 1491.575, -1200, "B", "DIP", "$1N1524", "", "C", 60, 60, 30, 30, 0],
		[183, "PAD34_3", 1688.425, -1200, "T", "DIP", "$1N1586", "", "C", 60, 60, 30, 30, 0],
		[184, "PAD34_3", 1688.425, -1200, "B", "DIP", "$1N1586", "", "C", 60, 60, 30, 30, 0],
		[185, "PAD35_1", 2165, -1125, "T", "DIP", "$1N1413", "", "R", 59.055, 59.055, 35.434, 35.434, 0],
		[186, "PAD35_1", 2165, -1125, "B", "DIP", "$1N1413", "", "R", 59.055, 59.055, 35.434, 35.434, 0],
		[187, "PAD36_2", 2265, -1125, "T", "DIP", "$1N1524", "", "C", 59.055, 59.055, 35.434, 35.434, 90],
		[188, "PAD36_2", 2265, -1125, "B", "DIP", "$1N1524", "", "C", 59.055, 59.055, 35.434, 35.434, 90],
		[189, "PAD37_3", 2365, -1125, "T", "DIP", "$1N1663", "", "C", 59.055, 59.055, 35.434, 35.434, 90],
		[190, "PAD37_3", 2365, -1125, "B", "DIP", "$1N1663", "", "C", 59.055, 59.055, 35.434, 35.434, 90],
		[191, "PAD38_4", 2465, -1125, "T", "DIP", "$1N1408", "", "C", 59.055, 59.055, 35.434, 35.434, 90],
		[192, "PAD38_4", 2465, -1125, "B", "DIP", "$1N1408", "", "C", 59.055, 59.055, 35.434, 35.434, 90],
		[193, "PAD39_8", 2165, -825, "T", "DIP", "$1N1408", "", "C", 59.055, 59.055, 35.434, 35.434, 90],
		[194, "PAD39_8", 2165, -825, "B", "DIP", "$1N1408", "", "C", 59.055, 59.055, 35.434, 35.434, 90],
		[195, "PAD40_7", 2265, -825, "T", "DIP", "$1N1586", "", "C", 59.055, 59.055, 35.434, 35.434, 90],
		[196, "PAD40_7", 2265, -825, "B", "DIP", "$1N1586", "", "C", 59.055, 59.055, 35.434, 35.434, 90],
		[197, "PAD41_6", 2365, -825, "T", "DIP", "$1N1524", "", "C", 59.055, 59.055, 35.434, 35.434, 90],
		[198, "PAD41_6", 2365, -825, "B", "DIP", "$1N1524", "", "C", 59.055, 59.055, 35.434, 35.434, 90],
		[199, "PAD42_5", 2465, -825, "T", "DIP", "$1N1636", "", "C", 59.055, 59.055, 35.434, 35.434, 90],
		[200, "PAD42_5", 2465, -825, "B", "DIP", "$1N1636", "", "C", 59.055, 59.055, 35.434, 35.434, 90],
		[201, "PAD43_1", 3016.3, -1190, "T", "DIP", "$1N2183", "", "O", 56.693, 70.866, 31.496, 31.496, 90],
		[202, "PAD43_1", 3016.3, -1190, "B", "DIP", "$1N2183", "", "O", 56.693, 70.866, 31.496, 31.496, 90],
		[203, "PAD44_16", 2703.7, -1190, "T", "DIP", "$1N1408", "", "O", 56.693, 70.866, 31.496, 31.496, 90],
		[204, "PAD44_16", 2703.7, -1190, "B", "DIP", "$1N1408", "", "O", 56.693, 70.866, 31.496, 31.496, 90],
		[205, "PAD45_2", 3016.3, -1090, "T", "DIP", "$1N2156", "", "O", 56.693, 70.866, 31.496, 31.496, 90],
		[206, "PAD45_2", 3016.3, -1090, "B", "DIP", "$1N2156", "", "O", 56.693, 70.866, 31.496, 31.496, 90],
		[207, "PAD46_15", 2703.7, -1090, "T", "DIP", "$1N1413", "", "O", 56.693, 70.866, 31.496, 31.496, 90],
		[208, "PAD46_15", 2703.7, -1090, "B", "DIP", "$1N1413", "", "O", 56.693, 70.866, 31.496, 31.496, 90],
		[209, "PAD47_3", 3016.3, -990, "T", "DIP", "$1N2147", "", "O", 56.693, 70.866, 31.496, 31.496, 90],
		[210, "PAD47_3", 3016.3, -990, "B", "DIP", "$1N2147", "", "O", 56.693, 70.866, 31.496, 31.496, 90],
		[211, "PAD48_14", 2703.7, -990, "T", "DIP", "$1N1663", "", "O", 56.693, 70.866, 31.496, 31.496, 90],
		[212, "PAD48_14", 2703.7, -990, "B", "DIP", "$1N1663", "", "O", 56.693, 70.866, 31.496, 31.496, 90],
		[213, "PAD49_4", 3016.3, -890, "T", "DIP", "$1N2162", "", "O", 56.693, 70.866, 31.496, 31.496, 90],
		[214, "PAD49_4", 3016.3, -890, "B", "DIP", "$1N2162", "", "O", 56.693, 70.866, 31.496, 31.496, 90],
		[215, "PAD50_13", 2703.7, -890, "T", "DIP", "$1N1413", "", "O", 56.693, 70.866, 31.496, 31.496, 90],
		[216, "PAD50_13", 2703.7, -890, "B", "DIP", "$1N1413", "", "O", 56.693, 70.866, 31.496, 31.496, 90],
		[217, "PAD51_5", 3016.3, -790, "T", "DIP", "$1N2190", "", "O", 56.693, 70.866, 31.496, 31.496, 90],
		[218, "PAD51_5", 3016.3, -790, "B", "DIP", "$1N2190", "", "O", 56.693, 70.866, 31.496, 31.496, 90],
		[219, "PAD52_6", 3016.3, -690, "T", "DIP", "$1N2196", "", "O", 56.693, 70.866, 31.496, 31.496, 90],
		[220, "PAD52_6", 3016.3, -690, "B", "DIP", "$1N2196", "", "O", 56.693, 70.866, 31.496, 31.496, 90],
		[221, "PAD53_11", 2703.7, -690, "T", "DIP", "$1N2218", "", "O", 56.693, 70.866, 31.496, 31.496, 90],
		[222, "PAD53_11", 2703.7, -690, "B", "DIP", "$1N2218", "", "O", 56.693, 70.866, 31.496, 31.496, 90],
		[223, "PAD54_7", 3016.3, -590, "T", "DIP", "$1N2169", "", "O", 56.693, 70.866, 31.496, 31.496, 90],
		[224, "PAD54_7", 3016.3, -590, "B", "DIP", "$1N2169", "", "O", 56.693, 70.866, 31.496, 31.496, 90],
		[225, "PAD55_10", 2703.7, -590, "T", "DIP", "$1N2176", "", "O", 56.693, 70.866, 31.496, 31.496, 90],
		[226, "PAD55_10", 2703.7, -590, "B", "DIP", "$1N2176", "", "O", 56.693, 70.866, 31.496, 31.496, 90],
		[227, "PAD56_8", 3016.3, -490, "T", "DIP", "$1N1413", "", "O", 56.693, 70.866, 31.496, 31.496, 90],
		[228, "PAD56_8", 3016.3, -490, "B", "DIP", "$1N1413", "", "O", 56.693, 70.866, 31.496, 31.496, 90],
		[229, "PAD57_9", 2703.7, -490, "T", "DIP", "$1N2203", "", "O", 56.693, 70.866, 31.496, 31.496, 90],
		[230, "PAD57_9", 2703.7, -490, "B", "DIP", "$1N2203", "", "O", 56.693, 70.866, 31.496, 31.496, 90]
	]
}
}